Code Domaine,Domaine,Code zone,Zone,Code Élément,Élément,Code Produit,Produit,Code année,Année,Unité,Valeur,Symbole,Description du Symbole,Note
"OA","Séries temporelles annuelles","AFG","Afghanistan","511","Population totale","3010","Population-Estimations","2008","2008","1000 personnes","27294.031","X","Sources internationales sûres","UNDESA, Population Division – World Population Prospects, the 2017 Revision"
"OA","Séries temporelles annuelles","ZAF","Afrique du Sud","511","Population totale","3010","Population-Estimations","2008","2008","1000 personnes","50412.129","X","Sources internationales sûres","UNDESA, Population Division – World Population Prospects, the 2017 Revision"
"OA","Séries temporelles annuelles","ALB","Albanie","511","Population totale","3010","Population-Estimations","2008","2008","1000 personnes","2991.651","X","Sources internationales sûres","UNDESA, Population Division – World Population Prospects, the 2017 Revision"
"OA","Séries temporelles annuelles","DZA","Algérie","511","Population totale","3010","Population-Estimations","2008","2008","1000 personnes","34860.715","X","Sources internationales sûres","UNDESA, Population Division – World Population Prospects, the 2017 Revision"
"OA","Séries temporelles annuelles","DEU","Allemagne","511","Population totale","3010","Population-Estimations","2008","2008","1000 personnes","81130.944","X","Sources internationales sûres","UNDESA, Population Division – World Population Prospects, the 2017 Revision"
"OA","Séries temporelles annuelles","AND","Andorre","511","Population totale","3010","Population-Estimations","2008","2008","1000 personnes","83.861","X","Sources internationales sûres","UNDESA, Population Division – World Population Prospects, the 2017 Revision"
"OA","Séries temporelles annuelles","AGO","Angola","511","Population totale","3010","Population-Estimations","2008","2008","1000 personnes","21759.42","X","Sources internationales sûres","UNDESA, Population Division – World Population Prospects, the 2017 Revision"
"OA","Séries temporelles annuelles","AIA","Anguilla","511","Population totale","3010","Population-Estimations","2008","2008","1000 personnes","13.36","X","Sources internationales sûres","UNDESA, Population Division – World Population Prospects, the 2017 Revision"
"OA","Séries temporelles annuelles","ATG","Antigua-et-Barbuda","511","Population totale","3010","Population-Estimations","2008","2008","1000 personnes","92.478","X","Sources internationales sûres","UNDESA, Population Division – World Population Prospects, the 2017 Revision"
"OA","Séries temporelles annuelles","ANT","Antilles néerlandaises (ex)","511","Population totale","3010","Population-Estimations","2008","2008","1000 personnes","190.32","Fa","",""
"OA","Séries temporelles annuelles","SAU","Arabie saoudite","511","Population totale","3010","Population-Estimations","2008","2008","1000 personnes","25940.77","X","Sources internationales sûres","UNDESA, Population Division – World Population Prospects, the 2017 Revision"
"OA","Séries temporelles annuelles","ARG","Argentine","511","Population totale","3010","Population-Estimations","2008","2008","1000 personnes","40382.389","X","Sources internationales sûres","UNDESA, Population Division – World Population Prospects, the 2017 Revision"
"OA","Séries temporelles annuelles","ARM","Arménie","511","Population totale","3010","Population-Estimations","2008","2008","1000 personnes","2908.22","X","Sources internationales sûres","UNDESA, Population Division – World Population Prospects, the 2017 Revision"
"OA","Séries temporelles annuelles","ABW","Aruba","511","Population totale","3010","Population-Estimations","2008","2008","1000 personnes","101.353","X","Sources internationales sûres","UNDESA, Population Division – World Population Prospects, the 2017 Revision"
"OA","Séries temporelles annuelles","AUS","Australie","511","Population totale","3010","Population-Estimations","2008","2008","1000 personnes","21342.493","X","Sources internationales sûres","UNDESA, Population Division – World Population Prospects, the 2017 Revision"
"OA","Séries temporelles annuelles","AUT","Autriche","511","Population totale","3010","Population-Estimations","2008","2008","1000 personnes","8338.453","X","Sources internationales sûres","UNDESA, Population Division – World Population Prospects, the 2017 Revision"
"OA","Séries temporelles annuelles","AZE","Azerbaïdjan","511","Population totale","3010","Population-Estimations","2008","2008","1000 personnes","8821.908","X","Sources internationales sûres","UNDESA, Population Division – World Population Prospects, the 2017 Revision"
"OA","Séries temporelles annuelles","BHS","Bahamas","511","Population totale","3010","Population-Estimations","2008","2008","1000 personnes","348.676","X","Sources internationales sûres","UNDESA, Population Division – World Population Prospects, the 2017 Revision"
"OA","Séries temporelles annuelles","BHR","Bahreïn","511","Population totale","3010","Population-Estimations","2008","2008","1000 personnes","1114.59","X","Sources internationales sûres","UNDESA, Population Division – World Population Prospects, the 2017 Revision"
"OA","Séries temporelles annuelles","BGD","Bangladesh","511","Population totale","3010","Population-Estimations","2008","2008","1000 personnes","148805.814","X","Sources internationales sûres","UNDESA, Population Division – World Population Prospects, the 2017 Revision"
"OA","Séries temporelles annuelles","BRB","Barbade","511","Population totale","3010","Population-Estimations","2008","2008","1000 personnes","277.319","X","Sources internationales sûres","UNDESA, Population Division – World Population Prospects, the 2017 Revision"
"OA","Séries temporelles annuelles","BLR","Bélarus","511","Population totale","3010","Population-Estimations","2008","2008","1000 personnes","9507.331","X","Sources internationales sûres","UNDESA, Population Division – World Population Prospects, the 2017 Revision"
"OA","Séries temporelles annuelles","BEL","Belgique","511","Population totale","3010","Population-Estimations","2008","2008","1000 personnes","10779.173","X","Sources internationales sûres","UNDESA, Population Division – World Population Prospects, the 2017 Revision"
"OA","Séries temporelles annuelles","BLZ","Belize","511","Population totale","3010","Population-Estimations","2008","2008","1000 personnes","306.165","X","Sources internationales sûres","UNDESA, Population Division – World Population Prospects, the 2017 Revision"
"OA","Séries temporelles annuelles","BEN","Bénin","511","Population totale","3010","Population-Estimations","2008","2008","1000 personnes","8696.916","X","Sources internationales sûres","UNDESA, Population Division – World Population Prospects, the 2017 Revision"
"OA","Séries temporelles annuelles","BMU","Bermudes","511","Population totale","3010","Population-Estimations","2008","2008","1000 personnes","64.625","X","Sources internationales sûres","UNDESA, Population Division – World Population Prospects, the 2017 Revision"
"OA","Séries temporelles annuelles","BTN","Bhoutan","511","Population totale","3010","Population-Estimations","2008","2008","1000 personnes","700.95","X","Sources internationales sûres","UNDESA, Population Division – World Population Prospects, the 2017 Revision"
"OA","Séries temporelles annuelles","BOL","Bolivie (État plurinational de)","511","Population totale","3010","Population-Estimations","2008","2008","1000 personnes","9599.855","X","Sources internationales sûres","UNDESA, Population Division – World Population Prospects, the 2017 Revision"
"OA","Séries temporelles annuelles","BIH","Bosnie-Herzégovine","511","Population totale","3010","Population-Estimations","2008","2008","1000 personnes","3763.599","X","Sources internationales sûres","UNDESA, Population Division – World Population Prospects, the 2017 Revision"
"OA","Séries temporelles annuelles","BWA","Botswana","511","Population totale","3010","Population-Estimations","2008","2008","1000 personnes","1946.351","X","Sources internationales sûres","UNDESA, Population Division – World Population Prospects, the 2017 Revision"
"OA","Séries temporelles annuelles","BRA","Brésil","511","Population totale","3010","Population-Estimations","2008","2008","1000 personnes","192979.029","X","Sources internationales sûres","UNDESA, Population Division – World Population Prospects, the 2017 Revision"
"OA","Séries temporelles annuelles","BRN","Brunéi Darussalam","511","Population totale","3010","Population-Estimations","2008","2008","1000 personnes","379.252","X","Sources internationales sûres","UNDESA, Population Division – World Population Prospects, the 2017 Revision"
"OA","Séries temporelles annuelles","BGR","Bulgarie","511","Population totale","3010","Population-Estimations","2008","2008","1000 personnes","7510.331","X","Sources internationales sûres","UNDESA, Population Division – World Population Prospects, the 2017 Revision"
"OA","Séries temporelles annuelles","BFA","Burkina Faso","511","Population totale","3010","Population-Estimations","2008","2008","1000 personnes","14689.726","X","Sources internationales sûres","UNDESA, Population Division – World Population Prospects, the 2017 Revision"
"OA","Séries temporelles annuelles","BDI","Burundi","511","Population totale","3010","Population-Estimations","2008","2008","1000 personnes","8212.264","X","Sources internationales sûres","UNDESA, Population Division – World Population Prospects, the 2017 Revision"
"OA","Séries temporelles annuelles","CPV","Cabo Verde","511","Population totale","3010","Population-Estimations","2008","2008","1000 personnes","491.723","X","Sources internationales sûres","UNDESA, Population Division – World Population Prospects, the 2017 Revision"
"OA","Séries temporelles annuelles","KHM","Cambodge","511","Population totale","3010","Population-Estimations","2008","2008","1000 personnes","13880.509","X","Sources internationales sûres","UNDESA, Population Division – World Population Prospects, the 2017 Revision"
"OA","Séries temporelles annuelles","CMR","Cameroun","511","Population totale","3010","Population-Estimations","2008","2008","1000 personnes","18907.008","X","Sources internationales sûres","UNDESA, Population Division – World Population Prospects, the 2017 Revision"
"OA","Séries temporelles annuelles","CAN","Canada","511","Population totale","3010","Population-Estimations","2008","2008","1000 personnes","33404.548","X","Sources internationales sûres","UNDESA, Population Division – World Population Prospects, the 2017 Revision"
"OA","Séries temporelles annuelles","CHL","Chili","511","Population totale","3010","Population-Estimations","2008","2008","1000 personnes","16661.942","X","Sources internationales sûres","UNDESA, Population Division – World Population Prospects, the 2017 Revision"
"OA","Séries temporelles annuelles","CPR","Chine","511","Population totale","3010","Population-Estimations","2008","2008","1000 personnes","1374798.424","X","Sources internationales sûres","UNDESA, Population Division – World Population Prospects, the 2017 Revision"
"OA","Séries temporelles annuelles","HKG","Chine - RAS de Hong-Kong","511","Population totale","3010","Population-Estimations","2008","2008","1000 personnes","6940.323","X","Sources internationales sûres","UNDESA, Population Division – World Population Prospects, the 2017 Revision"
"OA","Séries temporelles annuelles","MAC","Chine - RAS de Macao","511","Population totale","3010","Population-Estimations","2008","2008","1000 personnes","514.348","X","Sources internationales sûres","UNDESA, Population Division – World Population Prospects, the 2017 Revision"
"OA","Séries temporelles annuelles","CHN","Chine, continentale","511","Population totale","3010","Population-Estimations","2008","2008","1000 personnes","1344415.227","X","Sources internationales sûres","UNDESA, Population Division – World Population Prospects, the 2017 Revision"
"OA","Séries temporelles annuelles","TWN","Chine, Taiwan Province de","511","Population totale","3010","Population-Estimations","2008","2008","1000 personnes","22928.526","X","Sources internationales sûres","UNDESA, Population Division – World Population Prospects, the 2017 Revision"
"OA","Séries temporelles annuelles","CYP","Chypre","511","Population totale","3010","Population-Estimations","2008","2008","1000 personnes","1081.563","X","Sources internationales sûres","UNDESA, Population Division – World Population Prospects, the 2017 Revision"
"OA","Séries temporelles annuelles","COL","Colombie","511","Population totale","3010","Population-Estimations","2008","2008","1000 personnes","44901.544","X","Sources internationales sûres","UNDESA, Population Division – World Population Prospects, the 2017 Revision"
"OA","Séries temporelles annuelles","COM","Comores","511","Population totale","3010","Population-Estimations","2008","2008","1000 personnes","657.229","X","Sources internationales sûres","UNDESA, Population Division – World Population Prospects, the 2017 Revision"
"OA","Séries temporelles annuelles","COG","Congo","511","Population totale","3010","Population-Estimations","2008","2008","1000 personnes","4115.435","X","Sources internationales sûres","UNDESA, Population Division – World Population Prospects, the 2017 Revision"
"OA","Séries temporelles annuelles","CRI","Costa Rica","511","Population totale","3010","Population-Estimations","2008","2008","1000 personnes","4429.508","X","Sources internationales sûres","UNDESA, Population Division – World Population Prospects, the 2017 Revision"
"OA","Séries temporelles annuelles","CIV","Côte d'Ivoire","511","Population totale","3010","Population-Estimations","2008","2008","1000 personnes","19497.986","X","Sources internationales sûres","UNDESA, Population Division – World Population Prospects, the 2017 Revision"
"OA","Séries temporelles annuelles","HRV","Croatie","511","Population totale","3010","Population-Estimations","2008","2008","1000 personnes","4352.428","X","Sources internationales sûres","UNDESA, Population Division – World Population Prospects, the 2017 Revision"
"OA","Séries temporelles annuelles","CUB","Cuba","511","Population totale","3010","Population-Estimations","2008","2008","1000 personnes","11309.754","X","Sources internationales sûres","UNDESA, Population Division – World Population Prospects, the 2017 Revision"
"OA","Séries temporelles annuelles","DNK","Danemark","511","Population totale","3010","Population-Estimations","2008","2008","1000 personnes","5497.795","X","Sources internationales sûres","UNDESA, Population Division – World Population Prospects, the 2017 Revision"
"OA","Séries temporelles annuelles","DJI","Djibouti","511","Population totale","3010","Population-Estimations","2008","2008","1000 personnes","822.934","X","Sources internationales sûres","UNDESA, Population Division – World Population Prospects, the 2017 Revision"
"OA","Séries temporelles annuelles","DMA","Dominique","511","Population totale","3010","Population-Estimations","2008","2008","1000 personnes","71.074","X","Sources internationales sûres","UNDESA, Population Division – World Population Prospects, the 2017 Revision"
"OA","Séries temporelles annuelles","EGY","Égypte","511","Population totale","3010","Population-Estimations","2008","2008","1000 personnes","80953.881","X","Sources internationales sûres","UNDESA, Population Division – World Population Prospects, the 2017 Revision"
"OA","Séries temporelles annuelles","SLV","El Salvador","511","Population totale","3010","Population-Estimations","2008","2008","1000 personnes","6110.301","X","Sources internationales sûres","UNDESA, Population Division – World Population Prospects, the 2017 Revision"
"OA","Séries temporelles annuelles","ARE","Émirats arabes unis","511","Population totale","3010","Population-Estimations","2008","2008","1000 personnes","6894.278","X","Sources internationales sûres","UNDESA, Population Division – World Population Prospects, the 2017 Revision"
"OA","Séries temporelles annuelles","ECU","Équateur","511","Population totale","3010","Population-Estimations","2008","2008","1000 personnes","14447.562","X","Sources internationales sûres","UNDESA, Population Division – World Population Prospects, the 2017 Revision"
"OA","Séries temporelles annuelles","ERI","Érythrée","511","Population totale","3010","Population-Estimations","2008","2008","1000 personnes","4232.636","X","Sources internationales sûres","UNDESA, Population Division – World Population Prospects, the 2017 Revision"
"OA","Séries temporelles annuelles","ESP","Espagne","511","Population totale","3010","Population-Estimations","2008","2008","1000 personnes","45997.806","X","Sources internationales sûres","UNDESA, Population Division – World Population Prospects, the 2017 Revision"
"OA","Séries temporelles annuelles","EST","Estonie","511","Population totale","3010","Population-Estimations","2008","2008","1000 personnes","1339.712","X","Sources internationales sûres","UNDESA, Population Division – World Population Prospects, the 2017 Revision"
"OA","Séries temporelles annuelles","SWZ","Eswatini","511","Population totale","3010","Population-Estimations","2008","2008","1000 personnes","1158.897","X","Sources internationales sûres","UNDESA, Population Division – World Population Prospects, the 2017 Revision"
"OA","Séries temporelles annuelles","USA","États-Unis d'Amérique","511","Population totale","3010","Population-Estimations","2008","2008","1000 personnes","303374.067","X","Sources internationales sûres","UNDESA, Population Division – World Population Prospects, the 2017 Revision"
"OA","Séries temporelles annuelles","ETH","Éthiopie","511","Population totale","3010","Population-Estimations","2008","2008","1000 personnes","83184.892","X","Sources internationales sûres","UNDESA, Population Division – World Population Prospects, the 2017 Revision"
"OA","Séries temporelles annuelles","RUS","Fédération de Russie","511","Population totale","3010","Population-Estimations","2008","2008","1000 personnes","143083.187","X","Sources internationales sûres","UNDESA, Population Division – World Population Prospects, the 2017 Revision"
"OA","Séries temporelles annuelles","FJI","Fidji","511","Population totale","3010","Population-Estimations","2008","2008","1000 personnes","843.34","X","Sources internationales sûres","UNDESA, Population Division – World Population Prospects, the 2017 Revision"
"OA","Séries temporelles annuelles","FIN","Finlande","511","Population totale","3010","Population-Estimations","2008","2008","1000 personnes","5319.902","X","Sources internationales sûres","UNDESA, Population Division – World Population Prospects, the 2017 Revision"
"OA","Séries temporelles annuelles","FRA","France","511","Population totale","3010","Population-Estimations","2008","2008","1000 personnes","62329.567","X","Sources internationales sûres","UNDESA, Population Division – World Population Prospects, the 2017 Revision"
"OA","Séries temporelles annuelles","GAB","Gabon","511","Population totale","3010","Population-Estimations","2008","2008","1000 personnes","1536.411","X","Sources internationales sûres","UNDESA, Population Division – World Population Prospects, the 2017 Revision"
"OA","Séries temporelles annuelles","GMB","Gambie","511","Population totale","3010","Population-Estimations","2008","2008","1000 personnes","1588.572","X","Sources internationales sûres","UNDESA, Population Division – World Population Prospects, the 2017 Revision"
"OA","Séries temporelles annuelles","GEO","Géorgie","511","Population totale","3010","Population-Estimations","2008","2008","1000 personnes","4340.514","X","Sources internationales sûres","UNDESA, Population Division – World Population Prospects, the 2017 Revision"
"OA","Séries temporelles annuelles","GHA","Ghana","511","Population totale","3010","Population-Estimations","2008","2008","1000 personnes","23298.64","X","Sources internationales sûres","UNDESA, Population Division – World Population Prospects, the 2017 Revision"
"OA","Séries temporelles annuelles","GIB","Gibraltar","511","Population totale","3010","Population-Estimations","2008","2008","1000 personnes","32.732","X","Sources internationales sûres","UNDESA, Population Division – World Population Prospects, the 2017 Revision"
"OA","Séries temporelles annuelles","GRC","Grèce","511","Population totale","3010","Population-Estimations","2008","2008","1000 personnes","11419.647","X","Sources internationales sûres","UNDESA, Population Division – World Population Prospects, the 2017 Revision"
"OA","Séries temporelles annuelles","GRD","Grenade","511","Population totale","3010","Population-Estimations","2008","2008","1000 personnes","103.93","X","Sources internationales sûres","UNDESA, Population Division – World Population Prospects, the 2017 Revision"
"OA","Séries temporelles annuelles","GRL","Groenland","511","Population totale","3010","Population-Estimations","2008","2008","1000 personnes","56.841","X","Sources internationales sûres","UNDESA, Population Division – World Population Prospects, the 2017 Revision"
"OA","Séries temporelles annuelles","GLP","Guadeloupe","511","Population totale","3010","Population-Estimations","2008","2008","1000 personnes","447.345","X","Sources internationales sûres","UNDESA, Population Division – World Population Prospects, the 2017 Revision"
"OA","Séries temporelles annuelles","GUM","Guam","511","Population totale","3010","Population-Estimations","2008","2008","1000 personnes","159.035","X","Sources internationales sûres","UNDESA, Population Division – World Population Prospects, the 2017 Revision"
"OA","Séries temporelles annuelles","GTM","Guatemala","511","Population totale","3010","Population-Estimations","2008","2008","1000 personnes","14006.366","X","Sources internationales sûres","UNDESA, Population Division – World Population Prospects, the 2017 Revision"
"OA","Séries temporelles annuelles","GIN","Guinée","511","Population totale","3010","Population-Estimations","2008","2008","1000 personnes","10323.142","X","Sources internationales sûres","UNDESA, Population Division – World Population Prospects, the 2017 Revision"
"OA","Séries temporelles annuelles","GNQ","Guinée équatoriale","511","Population totale","3010","Population-Estimations","2008","2008","1000 personnes","868.418","X","Sources internationales sûres","UNDESA, Population Division – World Population Prospects, the 2017 Revision"
"OA","Séries temporelles annuelles","GNB","Guinée-Bissau","511","Population totale","3010","Population-Estimations","2008","2008","1000 personnes","1480.841","X","Sources internationales sûres","UNDESA, Population Division – World Population Prospects, the 2017 Revision"
"OA","Séries temporelles annuelles","GUY","Guyana","511","Population totale","3010","Population-Estimations","2008","2008","1000 personnes","746.314","X","Sources internationales sûres","UNDESA, Population Division – World Population Prospects, the 2017 Revision"
"OA","Séries temporelles annuelles","GUF","Guyane française","511","Population totale","3010","Population-Estimations","2008","2008","1000 personnes","222.452","X","Sources internationales sûres","UNDESA, Population Division – World Population Prospects, the 2017 Revision"
"OA","Séries temporelles annuelles","HTI","Haïti","511","Population totale","3010","Population-Estimations","2008","2008","1000 personnes","9705.029","X","Sources internationales sûres","UNDESA, Population Division – World Population Prospects, the 2017 Revision"
"OA","Séries temporelles annuelles","HND","Honduras","511","Population totale","3010","Population-Estimations","2008","2008","1000 personnes","7872.658","X","Sources internationales sûres","UNDESA, Population Division – World Population Prospects, the 2017 Revision"
"OA","Séries temporelles annuelles","HUN","Hongrie","511","Population totale","3010","Population-Estimations","2008","2008","1000 personnes","9991.201","X","Sources internationales sûres","UNDESA, Population Division – World Population Prospects, the 2017 Revision"
"OA","Séries temporelles annuelles","IMN","Île de Man","511","Population totale","3010","Population-Estimations","2008","2008","1000 personnes","78.534","X","Sources internationales sûres","UNDESA, Population Division – World Population Prospects, the 2017 Revision"
"OA","Séries temporelles annuelles","CHI","Iles Anglo-Normandes","511","Population totale","3010","Population-Estimations","2008","2008","1000 personnes","157.581","X","Sources internationales sûres","UNDESA, Population Division – World Population Prospects, the 2017 Revision"
"OA","Séries temporelles annuelles","CYM","Îles Caïmanes","511","Population totale","3010","Population-Estimations","2008","2008","1000 personnes","52.926","X","Sources internationales sûres","UNDESA, Population Division – World Population Prospects, the 2017 Revision"
"OA","Séries temporelles annuelles","COK","Îles Cook","511","Population totale","3010","Population-Estimations","2008","2008","1000 personnes","19.212","X","Sources internationales sûres","UNDESA, Population Division – World Population Prospects, the 2017 Revision"
"OA","Séries temporelles annuelles","FLK","Îles Falkland","511","Population totale","3010","Population-Estimations","2008","2008","1000 personnes","2.885","X","Sources internationales sûres","UNDESA, Population Division – World Population Prospects, the 2017 Revision"
"OA","Séries temporelles annuelles","FRO","Îles Féroé","511","Population totale","3010","Population-Estimations","2008","2008","1000 personnes","48.485","X","Sources internationales sûres","UNDESA, Population Division – World Population Prospects, the 2017 Revision"
"OA","Séries temporelles annuelles","MNP","Îles Mariannes du Nord","511","Population totale","3010","Population-Estimations","2008","2008","1000 personnes","57.431","X","Sources internationales sûres","UNDESA, Population Division – World Population Prospects, the 2017 Revision"
"OA","Séries temporelles annuelles","MHL","Îles Marshall","511","Population totale","3010","Population-Estimations","2008","2008","1000 personnes","52.218","X","Sources internationales sûres","UNDESA, Population Division – World Population Prospects, the 2017 Revision"
"OA","Séries temporelles annuelles","SLB","Îles Salomon","511","Population totale","3010","Population-Estimations","2008","2008","1000 personnes","504.477","X","Sources internationales sûres","UNDESA, Population Division – World Population Prospects, the 2017 Revision"
"OA","Séries temporelles annuelles","TCA","Îles Turques et Caïques","511","Population totale","3010","Population-Estimations","2008","2008","1000 personnes","29.481","X","Sources internationales sûres","UNDESA, Population Division – World Population Prospects, the 2017 Revision"
"OA","Séries temporelles annuelles","VIR","Îles Vierges américaines","511","Population totale","3010","Population-Estimations","2008","2008","1000 personnes","106.798","X","Sources internationales sûres","UNDESA, Population Division – World Population Prospects, the 2017 Revision"
"OA","Séries temporelles annuelles","VGB","Îles Vierges britanniques","511","Population totale","3010","Population-Estimations","2008","2008","1000 personnes","25.604","X","Sources internationales sûres","UNDESA, Population Division – World Population Prospects, the 2017 Revision"
"OA","Séries temporelles annuelles","WLF","Îles Wallis et Futuna","511","Population totale","3010","Population-Estimations","2008","2008","1000 personnes","13.984","X","Sources internationales sûres","UNDESA, Population Division – World Population Prospects, the 2017 Revision"
"OA","Séries temporelles annuelles","IND","Inde","511","Population totale","3010","Population-Estimations","2008","2008","1000 personnes","1197146.906","X","Sources internationales sûres","UNDESA, Population Division – World Population Prospects, the 2017 Revision"
"OA","Séries temporelles annuelles","IDN","Indonésie","511","Population totale","3010","Population-Estimations","2008","2008","1000 personnes","236159.276","X","Sources internationales sûres","UNDESA, Population Division – World Population Prospects, the 2017 Revision"
"OA","Séries temporelles annuelles","IRN","Iran (République islamique d')","511","Population totale","3010","Population-Estimations","2008","2008","1000 personnes","72845.542","X","Sources internationales sûres","UNDESA, Population Division – World Population Prospects, the 2017 Revision"
"OA","Séries temporelles annuelles","IRQ","Iraq","511","Population totale","3010","Population-Estimations","2008","2008","1000 personnes","29111.417","X","Sources internationales sûres","UNDESA, Population Division – World Population Prospects, the 2017 Revision"
"OA","Séries temporelles annuelles","IRL","Irlande","511","Population totale","3010","Population-Estimations","2008","2008","1000 personnes","4489.589","X","Sources internationales sûres","UNDESA, Population Division – World Population Prospects, the 2017 Revision"
"OA","Séries temporelles annuelles","ISL","Islande","511","Population totale","3010","Population-Estimations","2008","2008","1000 personnes","310.884","X","Sources internationales sûres","UNDESA, Population Division – World Population Prospects, the 2017 Revision"
"OA","Séries temporelles annuelles","ISR","Israël","511","Population totale","3010","Population-Estimations","2008","2008","1000 personnes","7097.41","X","Sources internationales sûres","UNDESA, Population Division – World Population Prospects, the 2017 Revision"
"OA","Séries temporelles annuelles","ITA","Italie","511","Population totale","3010","Population-Estimations","2008","2008","1000 personnes","59502.385","X","Sources internationales sûres","UNDESA, Population Division – World Population Prospects, the 2017 Revision"
"OA","Séries temporelles annuelles","JAM","Jamaïque","511","Population totale","3010","Population-Estimations","2008","2008","1000 personnes","2790.122","X","Sources internationales sûres","UNDESA, Population Division – World Population Prospects, the 2017 Revision"
"OA","Séries temporelles annuelles","JPN","Japon","511","Population totale","3010","Population-Estimations","2008","2008","1000 personnes","128550.508","X","Sources internationales sûres","UNDESA, Population Division – World Population Prospects, the 2017 Revision"
"OA","Séries temporelles annuelles","JOR","Jordanie","511","Population totale","3010","Population-Estimations","2008","2008","1000 personnes","6489.822","X","Sources internationales sûres","UNDESA, Population Division – World Population Prospects, the 2017 Revision"
"OA","Séries temporelles annuelles","KAZ","Kazakhstan","511","Population totale","3010","Population-Estimations","2008","2008","1000 personnes","16001.176","X","Sources internationales sûres","UNDESA, Population Division – World Population Prospects, the 2017 Revision"
"OA","Séries temporelles annuelles","KEN","Kenya","511","Population totale","3010","Population-Estimations","2008","2008","1000 personnes","39148.416","X","Sources internationales sûres","UNDESA, Population Division – World Population Prospects, the 2017 Revision"
"OA","Séries temporelles annuelles","KGZ","Kirghizistan","511","Population totale","3010","Population-Estimations","2008","2008","1000 personnes","5262.294","X","Sources internationales sûres","UNDESA, Population Division – World Population Prospects, the 2017 Revision"
"OA","Séries temporelles annuelles","KIR","Kiribati","511","Population totale","3010","Population-Estimations","2008","2008","1000 personnes","98.44","X","Sources internationales sûres","UNDESA, Population Division – World Population Prospects, the 2017 Revision"
"OA","Séries temporelles annuelles","KWT","Koweït","511","Population totale","3010","Population-Estimations","2008","2008","1000 personnes","2652.34","X","Sources internationales sûres","UNDESA, Population Division – World Population Prospects, the 2017 Revision"
"OA","Séries temporelles annuelles","LSO","Lesotho","511","Population totale","3010","Population-Estimations","2008","2008","1000 personnes","1999.93","X","Sources internationales sûres","UNDESA, Population Division – World Population Prospects, the 2017 Revision"
"OA","Séries temporelles annuelles","LVA","Lettonie","511","Population totale","3010","Population-Estimations","2008","2008","1000 personnes","2171.881","X","Sources internationales sûres","UNDESA, Population Division – World Population Prospects, the 2017 Revision"
"OA","Séries temporelles annuelles","LBN","Liban","511","Population totale","3010","Population-Estimations","2008","2008","1000 personnes","4111.047","X","Sources internationales sûres","UNDESA, Population Division – World Population Prospects, the 2017 Revision"
"OA","Séries temporelles annuelles","LBR","Libéria","511","Population totale","3010","Population-Estimations","2008","2008","1000 personnes","3662.993","X","Sources internationales sûres","UNDESA, Population Division – World Population Prospects, the 2017 Revision"
"OA","Séries temporelles annuelles","LBY","Libye","511","Population totale","3010","Population-Estimations","2008","2008","1000 personnes","6053.078","X","Sources internationales sûres","UNDESA, Population Division – World Population Prospects, the 2017 Revision"
"OA","Séries temporelles annuelles","LIE","Liechtenstein","511","Population totale","3010","Population-Estimations","2008","2008","1000 personnes","35.541","X","Sources internationales sûres","UNDESA, Population Division – World Population Prospects, the 2017 Revision"
"OA","Séries temporelles annuelles","LTU","Lituanie","511","Population totale","3010","Population-Estimations","2008","2008","1000 personnes","3214.627","X","Sources internationales sûres","UNDESA, Population Division – World Population Prospects, the 2017 Revision"
"OA","Séries temporelles annuelles","LUX","Luxembourg","511","Population totale","3010","Population-Estimations","2008","2008","1000 personnes","485.105","X","Sources internationales sûres","UNDESA, Population Division – World Population Prospects, the 2017 Revision"
"OA","Séries temporelles annuelles","MKD","Macédoine du Nord","511","Population totale","3010","Population-Estimations","2008","2008","1000 personnes","2067.378","X","Sources internationales sûres","UNDESA, Population Division – World Population Prospects, the 2017 Revision"
"OA","Séries temporelles annuelles","MDG","Madagascar","511","Population totale","3010","Population-Estimations","2008","2008","1000 personnes","19996.469","X","Sources internationales sûres","UNDESA, Population Division – World Population Prospects, the 2017 Revision"
"OA","Séries temporelles annuelles","MYS","Malaisie","511","Population totale","3010","Population-Estimations","2008","2008","1000 personnes","27111.069","X","Sources internationales sûres","UNDESA, Population Division – World Population Prospects, the 2017 Revision"
"OA","Séries temporelles annuelles","MWI","Malawi","511","Population totale","3010","Population-Estimations","2008","2008","1000 personnes","14271.234","X","Sources internationales sûres","UNDESA, Population Division – World Population Prospects, the 2017 Revision"
"OA","Séries temporelles annuelles","MDV","Maldives","511","Population totale","3010","Population-Estimations","2008","2008","1000 personnes","345.054","X","Sources internationales sûres","UNDESA, Population Division – World Population Prospects, the 2017 Revision"
"OA","Séries temporelles annuelles","MLI","Mali","511","Population totale","3010","Population-Estimations","2008","2008","1000 personnes","14138.216","X","Sources internationales sûres","UNDESA, Population Division – World Population Prospects, the 2017 Revision"
"OA","Séries temporelles annuelles","MLT","Malte","511","Population totale","3010","Population-Estimations","2008","2008","1000 personnes","412.128","X","Sources internationales sûres","UNDESA, Population Division – World Population Prospects, the 2017 Revision"
"OA","Séries temporelles annuelles","MAR","Maroc","511","Population totale","3010","Population-Estimations","2008","2008","1000 personnes","31596.855","X","Sources internationales sûres","UNDESA, Population Division – World Population Prospects, the 2017 Revision"
"OA","Séries temporelles annuelles","MTQ","Martinique","511","Population totale","3010","Population-Estimations","2008","2008","1000 personnes","397.107","X","Sources internationales sûres","UNDESA, Population Division – World Population Prospects, the 2017 Revision"
"OA","Séries temporelles annuelles","MUS","Maurice","511","Population totale","3010","Population-Estimations","2008","2008","1000 personnes","1239.293","X","Sources internationales sûres","UNDESA, Population Division – World Population Prospects, the 2017 Revision"
"OA","Séries temporelles annuelles","MRT","Mauritanie","511","Population totale","3010","Population-Estimations","2008","2008","1000 personnes","3407.541","X","Sources internationales sûres","UNDESA, Population Division – World Population Prospects, the 2017 Revision"
"OA","Séries temporelles annuelles","MYT","Mayotte","511","Population totale","3010","Population-Estimations","2008","2008","1000 personnes","196.279","X","Sources internationales sûres","UNDESA, Population Division – World Population Prospects, the 2017 Revision"
"OA","Séries temporelles annuelles","MEX","Mexique","511","Population totale","3010","Population-Estimations","2008","2008","1000 personnes","113661.809","X","Sources internationales sûres","UNDESA, Population Division – World Population Prospects, the 2017 Revision"
"OA","Séries temporelles annuelles","FSM","Micronésie (États fédérés de)","511","Population totale","3010","Population-Estimations","2008","2008","1000 personnes","104.478","X","Sources internationales sûres","UNDESA, Population Division – World Population Prospects, the 2017 Revision"
"OA","Séries temporelles annuelles","MCO","Monaco","511","Population totale","3010","Population-Estimations","2008","2008","1000 personnes","35.853","X","Sources internationales sûres","UNDESA, Population Division – World Population Prospects, the 2017 Revision"
"OA","Séries temporelles annuelles","MNG","Mongolie","511","Population totale","3010","Population-Estimations","2008","2008","1000 personnes","2628.131","X","Sources internationales sûres","UNDESA, Population Division – World Population Prospects, the 2017 Revision"
"OA","Séries temporelles annuelles","MNE","Monténégro","511","Population totale","3010","Population-Estimations","2008","2008","1000 personnes","621.205","X","Sources internationales sûres","UNDESA, Population Division – World Population Prospects, the 2017 Revision"
"OA","Séries temporelles annuelles","MSR","Montserrat","511","Population totale","3010","Population-Estimations","2008","2008","1000 personnes","4.908","X","Sources internationales sûres","UNDESA, Population Division – World Population Prospects, the 2017 Revision"
"OA","Séries temporelles annuelles","MOZ","Mozambique","511","Population totale","3010","Population-Estimations","2008","2008","1000 personnes","22846.758","X","Sources internationales sûres","UNDESA, Population Division – World Population Prospects, the 2017 Revision"
"OA","Séries temporelles annuelles","MMR","Myanmar","511","Population totale","3010","Population-Estimations","2008","2008","1000 personnes","49479.752","X","Sources internationales sûres","UNDESA, Population Division – World Population Prospects, the 2017 Revision"
"OA","Séries temporelles annuelles","NAM","Namibie","511","Population totale","3010","Population-Estimations","2008","2008","1000 personnes","2106.375","X","Sources internationales sûres","UNDESA, Population Division – World Population Prospects, the 2017 Revision"
"OA","Séries temporelles annuelles","NRU","Nauru","511","Population totale","3010","Population-Estimations","2008","2008","1000 personnes","9.947","X","Sources internationales sûres","UNDESA, Population Division – World Population Prospects, the 2017 Revision"
"OA","Séries temporelles annuelles","NPL","Népal","511","Population totale","3010","Population-Estimations","2008","2008","1000 personnes","26475.859","X","Sources internationales sûres","UNDESA, Population Division – World Population Prospects, the 2017 Revision"
"OA","Séries temporelles annuelles","NIC","Nicaragua","511","Population totale","3010","Population-Estimations","2008","2008","1000 personnes","5594.506","X","Sources internationales sûres","UNDESA, Population Division – World Population Prospects, the 2017 Revision"
"OA","Séries temporelles annuelles","NER","Niger","511","Population totale","3010","Population-Estimations","2008","2008","1000 personnes","15228.525","X","Sources internationales sûres","UNDESA, Population Division – World Population Prospects, the 2017 Revision"
"OA","Séries temporelles annuelles","NGA","Nigéria","511","Population totale","3010","Population-Estimations","2008","2008","1000 personnes","150347.39","X","Sources internationales sûres","UNDESA, Population Division – World Population Prospects, the 2017 Revision"
"OA","Séries temporelles annuelles","NIU","Nioué","511","Population totale","3010","Population-Estimations","2008","2008","1000 personnes","1.639","X","Sources internationales sûres","UNDESA, Population Division – World Population Prospects, the 2017 Revision"
"OA","Séries temporelles annuelles","NOR","Norvège","511","Population totale","3010","Population-Estimations","2008","2008","1000 personnes","4771.409","X","Sources internationales sûres","UNDESA, Population Division – World Population Prospects, the 2017 Revision"
"OA","Séries temporelles annuelles","NCL","Nouvelle-Calédonie","511","Population totale","3010","Population-Estimations","2008","2008","1000 personnes","243.786","X","Sources internationales sûres","UNDESA, Population Division – World Population Prospects, the 2017 Revision"
"OA","Séries temporelles annuelles","NZL","Nouvelle-Zélande","511","Population totale","3010","Population-Estimations","2008","2008","1000 personnes","4278.325","X","Sources internationales sûres","UNDESA, Population Division – World Population Prospects, the 2017 Revision"
"OA","Séries temporelles annuelles","OMN","Oman","511","Population totale","3010","Population-Estimations","2008","2008","1000 personnes","2759.014","X","Sources internationales sûres","UNDESA, Population Division – World Population Prospects, the 2017 Revision"
"OA","Séries temporelles annuelles","UGA","Ouganda","511","Population totale","3010","Population-Estimations","2008","2008","1000 personnes","31663.896","X","Sources internationales sûres","UNDESA, Population Division – World Population Prospects, the 2017 Revision"
"OA","Séries temporelles annuelles","UZB","Ouzbékistan","511","Population totale","3010","Population-Estimations","2008","2008","1000 personnes","27715.825","X","Sources internationales sûres","UNDESA, Population Division – World Population Prospects, the 2017 Revision"
"OA","Séries temporelles annuelles","PAK","Pakistan","511","Population totale","3010","Population-Estimations","2008","2008","1000 personnes","163644.603","X","Sources internationales sûres","UNDESA, Population Division – World Population Prospects, the 2017 Revision"
"OA","Séries temporelles annuelles","PLW","Palaos","511","Population totale","3010","Population-Estimations","2008","2008","1000 personnes","20.228","X","Sources internationales sûres","UNDESA, Population Division – World Population Prospects, the 2017 Revision"
"OA","Séries temporelles annuelles","PSE","Palestine","511","Population totale","3010","Population-Estimations","2008","2008","1000 personnes","3852.31","X","Sources internationales sûres","UNDESA, Population Division – World Population Prospects, the 2017 Revision"
"OA","Séries temporelles annuelles","PAN","Panama","511","Population totale","3010","Population-Estimations","2008","2008","1000 personnes","3516.268","X","Sources internationales sûres","UNDESA, Population Division – World Population Prospects, the 2017 Revision"
"OA","Séries temporelles annuelles","PNG","Papouasie-Nouvelle-Guinée","511","Population totale","3010","Population-Estimations","2008","2008","1000 personnes","6787.187","X","Sources internationales sûres","UNDESA, Population Division – World Population Prospects, the 2017 Revision"
"OA","Séries temporelles annuelles","PRY","Paraguay","511","Population totale","3010","Population-Estimations","2008","2008","1000 personnes","6047.117","X","Sources internationales sûres","UNDESA, Population Division – World Population Prospects, the 2017 Revision"
"OA","Séries temporelles annuelles","NLD","Pays-Bas","511","Population totale","3010","Population-Estimations","2008","2008","1000 personnes","16568.734","X","Sources internationales sûres","UNDESA, Population Division – World Population Prospects, the 2017 Revision"
"OA","Séries temporelles annuelles","PER","Pérou","511","Population totale","3010","Population-Estimations","2008","2008","1000 personnes","28641.98","X","Sources internationales sûres","UNDESA, Population Division – World Population Prospects, the 2017 Revision"
"OA","Séries temporelles annuelles","PHL","Philippines","511","Population totale","3010","Population-Estimations","2008","2008","1000 personnes","90751.864","X","Sources internationales sûres","UNDESA, Population Division – World Population Prospects, the 2017 Revision"
"OA","Séries temporelles annuelles","POL","Pologne","511","Population totale","3010","Population-Estimations","2008","2008","1000 personnes","38325.689","X","Sources internationales sûres","UNDESA, Population Division – World Population Prospects, the 2017 Revision"
"OA","Séries temporelles annuelles","PYF","Polynésie française","511","Population totale","3010","Population-Estimations","2008","2008","1000 personnes","263.179","X","Sources internationales sûres","UNDESA, Population Division – World Population Prospects, the 2017 Revision"
"OA","Séries temporelles annuelles","PRI","Porto Rico","511","Population totale","3010","Population-Estimations","2008","2008","1000 personnes","3735.788","X","Sources internationales sûres","UNDESA, Population Division – World Population Prospects, the 2017 Revision"
"OA","Séries temporelles annuelles","PRT","Portugal","511","Population totale","3010","Population-Estimations","2008","2008","1000 personnes","10652.099","X","Sources internationales sûres","UNDESA, Population Division – World Population Prospects, the 2017 Revision"
"OA","Séries temporelles annuelles","QAT","Qatar","511","Population totale","3010","Population-Estimations","2008","2008","1000 personnes","1389.342","X","Sources internationales sûres","UNDESA, Population Division – World Population Prospects, the 2017 Revision"
"OA","Séries temporelles annuelles","SYR","République arabe syrienne","511","Population totale","3010","Population-Estimations","2008","2008","1000 personnes","20325.443","X","Sources internationales sûres","UNDESA, Population Division – World Population Prospects, the 2017 Revision"
"OA","Séries temporelles annuelles","CAF","République centrafricaine","511","Population totale","3010","Population-Estimations","2008","2008","1000 personnes","4345.386","X","Sources internationales sûres","UNDESA, Population Division – World Population Prospects, the 2017 Revision"
"OA","Séries temporelles annuelles","KOR","République de Corée","511","Population totale","3010","Population-Estimations","2008","2008","1000 personnes","49218.985","X","Sources internationales sûres","UNDESA, Population Division – World Population Prospects, the 2017 Revision"
"OA","Séries temporelles annuelles","MDA","République de Moldova","511","Population totale","3010","Population-Estimations","2008","2008","1000 personnes","4111.44","X","Sources internationales sûres","UNDESA, Population Division – World Population Prospects, the 2017 Revision"
"OA","Séries temporelles annuelles","COD","République démocratique du Congo","511","Population totale","3010","Population-Estimations","2008","2008","1000 personnes","60373.608","X","Sources internationales sûres","UNDESA, Population Division – World Population Prospects, the 2017 Revision"
"OA","Séries temporelles annuelles","LAO","République démocratique populaire lao","511","Population totale","3010","Population-Estimations","2008","2008","1000 personnes","6052.19","X","Sources internationales sûres","UNDESA, Population Division – World Population Prospects, the 2017 Revision"
"OA","Séries temporelles annuelles","DOM","République dominicaine","511","Population totale","3010","Population-Estimations","2008","2008","1000 personnes","9636.52","X","Sources internationales sûres","UNDESA, Population Division – World Population Prospects, the 2017 Revision"
"OA","Séries temporelles annuelles","PRK","République populaire démocratique de Corée","511","Population totale","3010","Population-Estimations","2008","2008","1000 personnes","24335.146","X","Sources internationales sûres","UNDESA, Population Division – World Population Prospects, the 2017 Revision"
"OA","Séries temporelles annuelles","TZA","République-Unie de Tanzanie","511","Population totale","3010","Population-Estimations","2008","2008","1000 personnes","43270.144","X","Sources internationales sûres","UNDESA, Population Division – World Population Prospects, the 2017 Revision"
"OA","Séries temporelles annuelles","REU","Réunion","511","Population totale","3010","Population-Estimations","2008","2008","1000 personnes","816.335","X","Sources internationales sûres","UNDESA, Population Division – World Population Prospects, the 2017 Revision"
"OA","Séries temporelles annuelles","ROU","Roumanie","511","Population totale","3010","Population-Estimations","2008","2008","1000 personnes","20821.084","X","Sources internationales sûres","UNDESA, Population Division – World Population Prospects, the 2017 Revision"
"OA","Séries temporelles annuelles","GBR","Royaume-Uni","511","Population totale","3010","Population-Estimations","2008","2008","1000 personnes","62076.221","X","Sources internationales sûres","UNDESA, Population Division – World Population Prospects, the 2017 Revision"
"OA","Séries temporelles annuelles","RWA","Rwanda","511","Population totale","3010","Population-Estimations","2008","2008","1000 personnes","9708.169","X","Sources internationales sûres","UNDESA, Population Division – World Population Prospects, the 2017 Revision"
"OA","Séries temporelles annuelles","ESH","Sahara occidental","511","Population totale","3010","Population-Estimations","2008","2008","1000 personnes","468.633","X","Sources internationales sûres","UNDESA, Population Division – World Population Prospects, the 2017 Revision"
"OA","Séries temporelles annuelles","SHN","Sainte-Hélène, Ascension et Tristan de Cunha","511","Population totale","3010","Population-Estimations","2008","2008","1000 personnes","4.166","X","Sources internationales sûres","UNDESA, Population Division – World Population Prospects, the 2017 Revision"
"OA","Séries temporelles annuelles","LCA","Sainte-Lucie","511","Population totale","3010","Population-Estimations","2008","2008","1000 personnes","169.22","X","Sources internationales sûres","UNDESA, Population Division – World Population Prospects, the 2017 Revision"
"OA","Séries temporelles annuelles","KNA","Saint-Kitts-et-Nevis","511","Population totale","3010","Population-Estimations","2008","2008","1000 personnes","50.332","X","Sources internationales sûres","UNDESA, Population Division – World Population Prospects, the 2017 Revision"
"OA","Séries temporelles annuelles","SMR","Saint-Marin","511","Population totale","3010","Population-Estimations","2008","2008","1000 personnes","30.351","X","Sources internationales sûres","UNDESA, Population Division – World Population Prospects, the 2017 Revision"
"OA","Séries temporelles annuelles","SPM","Saint-Pierre-et-Miquelon","511","Population totale","3010","Population-Estimations","2008","2008","1000 personnes","6.269","X","Sources internationales sûres","UNDESA, Population Division – World Population Prospects, the 2017 Revision"
"OA","Séries temporelles annuelles","VAT","Saint-Siège","511","Population totale","3010","Population-Estimations","2008","2008","1000 personnes","0.794","X","Sources internationales sûres","UNDESA, Population Division – World Population Prospects, the 2017 Revision"
"OA","Séries temporelles annuelles","VCT","Saint-Vincent-et-les Grenadines","511","Population totale","3010","Population-Estimations","2008","2008","1000 personnes","109.165","X","Sources internationales sûres","UNDESA, Population Division – World Population Prospects, the 2017 Revision"
"OA","Séries temporelles annuelles","WSM","Samoa","511","Population totale","3010","Population-Estimations","2008","2008","1000 personnes","183.526","X","Sources internationales sûres","UNDESA, Population Division – World Population Prospects, the 2017 Revision"
"OA","Séries temporelles annuelles","ASM","Samoa américaines","511","Population totale","3010","Population-Estimations","2008","2008","1000 personnes","57.03","X","Sources internationales sûres","UNDESA, Population Division – World Population Prospects, the 2017 Revision"
"OA","Séries temporelles annuelles","STP","Sao Tomé-et-Principe","511","Population totale","3010","Population-Estimations","2008","2008","1000 personnes","166.913","X","Sources internationales sûres","UNDESA, Population Division – World Population Prospects, the 2017 Revision"
"OA","Séries temporelles annuelles","SEN","Sénégal","511","Population totale","3010","Population-Estimations","2008","2008","1000 personnes","12203.957","X","Sources internationales sûres","UNDESA, Population Division – World Population Prospects, the 2017 Revision"
"OA","Séries temporelles annuelles","SRB","Serbie","511","Population totale","3010","Population-Estimations","2008","2008","1000 personnes","9099.552","X","Sources internationales sûres","UNDESA, Population Division – World Population Prospects, the 2017 Revision"
"OA","Séries temporelles annuelles","SYC","Seychelles","511","Population totale","3010","Population-Estimations","2008","2008","1000 personnes","90.686","X","Sources internationales sûres","UNDESA, Population Division – World Population Prospects, the 2017 Revision"
"OA","Séries temporelles annuelles","SLE","Sierra Leone","511","Population totale","3010","Population-Estimations","2008","2008","1000 personnes","6165.372","X","Sources internationales sûres","UNDESA, Population Division – World Population Prospects, the 2017 Revision"
"OA","Séries temporelles annuelles","SGP","Singapour","511","Population totale","3010","Population-Estimations","2008","2008","1000 personnes","4851.109","X","Sources internationales sûres","UNDESA, Population Division – World Population Prospects, the 2017 Revision"
"OA","Séries temporelles annuelles","SVK","Slovaquie","511","Population totale","3010","Population-Estimations","2008","2008","1000 personnes","5398.856","X","Sources internationales sûres","UNDESA, Population Division – World Population Prospects, the 2017 Revision"
"OA","Séries temporelles annuelles","SVN","Slovénie","511","Population totale","3010","Population-Estimations","2008","2008","1000 personnes","2024.538","X","Sources internationales sûres","UNDESA, Population Division – World Population Prospects, the 2017 Revision"
"OA","Séries temporelles annuelles","SOM","Somalie","511","Population totale","3010","Population-Estimations","2008","2008","1000 personnes","11369.276","X","Sources internationales sûres","UNDESA, Population Division – World Population Prospects, the 2017 Revision"
"OA","Séries temporelles annuelles","SDN","Soudan (ex)","511","Population totale","3010","Population-Estimations","2008","2008","1000 personnes","42218.632","Fa","",""
"OA","Séries temporelles annuelles","LKA","Sri Lanka","511","Population totale","3010","Population-Estimations","2008","2008","1000 personnes","19945.832","X","Sources internationales sûres","UNDESA, Population Division – World Population Prospects, the 2017 Revision"
"OA","Séries temporelles annuelles","SWE","Suède","511","Population totale","3010","Population-Estimations","2008","2008","1000 personnes","9236.89","X","Sources internationales sûres","UNDESA, Population Division – World Population Prospects, the 2017 Revision"
"OA","Séries temporelles annuelles","CHE","Suisse","511","Population totale","3010","Population-Estimations","2008","2008","1000 personnes","7646.113","X","Sources internationales sûres","UNDESA, Population Division – World Population Prospects, the 2017 Revision"
"OA","Séries temporelles annuelles","SUR","Suriname","511","Population totale","3010","Population-Estimations","2008","2008","1000 personnes","515.148","X","Sources internationales sûres","UNDESA, Population Division – World Population Prospects, the 2017 Revision"
"OA","Séries temporelles annuelles","TJK","Tadjikistan","511","Population totale","3010","Population-Estimations","2008","2008","1000 personnes","7309.728","X","Sources internationales sûres","UNDESA, Population Division – World Population Prospects, the 2017 Revision"
"OA","Séries temporelles annuelles","TCD","Tchad","511","Population totale","3010","Population-Estimations","2008","2008","1000 personnes","11133.861","X","Sources internationales sûres","UNDESA, Population Division – World Population Prospects, the 2017 Revision"
"OA","Séries temporelles annuelles","CZE","Tchéquie (la)","511","Population totale","3010","Population-Estimations","2008","2008","1000 personnes","10423.794","X","Sources internationales sûres","UNDESA, Population Division – World Population Prospects, the 2017 Revision"
"OA","Séries temporelles annuelles","THA","Thaïlande","511","Population totale","3010","Population-Estimations","2008","2008","1000 personnes","66545.76","X","Sources internationales sûres","UNDESA, Population Division – World Population Prospects, the 2017 Revision"
"OA","Séries temporelles annuelles","TLS","Timor-Leste","511","Population totale","3010","Population-Estimations","2008","2008","1000 personnes","1078.11","X","Sources internationales sûres","UNDESA, Population Division – World Population Prospects, the 2017 Revision"
"OA","Séries temporelles annuelles","TGO","Togo","511","Population totale","3010","Population-Estimations","2008","2008","1000 personnes","6161.796","X","Sources internationales sûres","UNDESA, Population Division – World Population Prospects, the 2017 Revision"
"OA","Séries temporelles annuelles","TKL","Tokélaou","511","Population totale","3010","Population-Estimations","2008","2008","1000 personnes","1.126","X","Sources internationales sûres","UNDESA, Population Division – World Population Prospects, the 2017 Revision"
"OA","Séries temporelles annuelles","TON","Tonga","511","Population totale","3010","Population-Estimations","2008","2008","1000 personnes","103.005","X","Sources internationales sûres","UNDESA, Population Division – World Population Prospects, the 2017 Revision"
"OA","Séries temporelles annuelles","TTO","Trinité-et-Tobago","511","Population totale","3010","Population-Estimations","2008","2008","1000 personnes","1315.372","X","Sources internationales sûres","UNDESA, Population Division – World Population Prospects, the 2017 Revision"
"OA","Séries temporelles annuelles","TUN","Tunisie","511","Population totale","3010","Population-Estimations","2008","2008","1000 personnes","10407.336","X","Sources internationales sûres","UNDESA, Population Division – World Population Prospects, the 2017 Revision"
"OA","Séries temporelles annuelles","TKM","Turkménistan","511","Population totale","3010","Population-Estimations","2008","2008","1000 personnes","4935.762","X","Sources internationales sûres","UNDESA, Population Division – World Population Prospects, the 2017 Revision"
"OA","Séries temporelles annuelles","TUR","Turquie","511","Population totale","3010","Population-Estimations","2008","2008","1000 personnes","70440.032","X","Sources internationales sûres","UNDESA, Population Division – World Population Prospects, the 2017 Revision"
"OA","Séries temporelles annuelles","TUV","Tuvalu","511","Population totale","3010","Population-Estimations","2008","2008","1000 personnes","10.34","X","Sources internationales sûres","UNDESA, Population Division – World Population Prospects, the 2017 Revision"
"OA","Séries temporelles annuelles","UKR","Ukraine","511","Population totale","3010","Population-Estimations","2008","2008","1000 personnes","46186.43","X","Sources internationales sûres","UNDESA, Population Division – World Population Prospects, the 2017 Revision"
"OA","Séries temporelles annuelles","URY","Uruguay","511","Population totale","3010","Population-Estimations","2008","2008","1000 personnes","3350.824","X","Sources internationales sûres","UNDESA, Population Division – World Population Prospects, the 2017 Revision"
"OA","Séries temporelles annuelles","VUT","Vanuatu","511","Population totale","3010","Population-Estimations","2008","2008","1000 personnes","225.34","X","Sources internationales sûres","UNDESA, Population Division – World Population Prospects, the 2017 Revision"
"OA","Séries temporelles annuelles","VEN","Venezuela (République bolivarienne du)","511","Population totale","3010","Population-Estimations","2008","2008","1000 personnes","28141.701","X","Sources internationales sûres","UNDESA, Population Division – World Population Prospects, the 2017 Revision"
"OA","Séries temporelles annuelles","VNM","Viet Nam","511","Population totale","3010","Population-Estimations","2008","2008","1000 personnes","86707.801","X","Sources internationales sûres","UNDESA, Population Division – World Population Prospects, the 2017 Revision"
"OA","Séries temporelles annuelles","YEM","Yémen","511","Population totale","3010","Population-Estimations","2008","2008","1000 personnes","22356.391","X","Sources internationales sûres","UNDESA, Population Division – World Population Prospects, the 2017 Revision"
"OA","Séries temporelles annuelles","ZMB","Zambie","511","Population totale","3010","Population-Estimations","2008","2008","1000 personnes","13082.517","X","Sources internationales sûres","UNDESA, Population Division – World Population Prospects, the 2017 Revision"
"OA","Séries temporelles annuelles","ZWE","Zimbabwe","511","Population totale","3010","Population-Estimations","2008","2008","1000 personnes","13558.469","X","Sources internationales sûres","UNDESA, Population Division – World Population Prospects, the 2017 Revision"
